{
    "train": {
        "loss": 0.2805745303630829,
        "accuracy": 0.8855186104774475
    },
    "eval": {
        "loss": 0.25269773602485657,
        "accuracy": 0.8949771523475647
    },
    "step": 119
}